mine_name,question,with_multishot,without_multishot
AdiRassi,Focus on the image elements that are indicative of environmental degradation or pollution.,"The July 9, 2024 Sentinel-2 image of the Adi Rassi mine in Eritrea reveals significant environmental degradation. Extensive land disturbance is evident, with large areas of exposed soil and bare rock indicating heavy mining activity. The presence of a water body with an unusual color suggests potential chemical contamination. The surrounding landscape shows signs of soil erosion and land degradation, likely exacerbated by mining operations. Vegetation appears sparse and stressed in the vicinity of the mine, reflecting the environmental impact of mining activities. Overall, the image indicates substantial environmental risks associated with the Adi Rassi mine, including soil erosion, water pollution, and habitat destruction.","The Adi Rassi mine area exhibits signs of environmental degradation. The image reveals extensive land disturbance, with visible open pits and excavated areas, indicating significant alteration of the natural terrain. The presence of these excavations suggests soil erosion and loss of vegetation cover. The surrounding landscape shows a mix of bare ground and sparse vegetation, with some areas appearing to be stripped of their natural cover, potentially due to mining activities. Water bodies in the area appear to be confined to specific regions, with some displaying a deep blue color, possibly indicating clear water. However, there is no clear evidence of water pollution in the visible water bodies. The overall terrain suggests a high level of disturbance, likely resulting from mining operations."
AdiRassi,Which environmental hazards are present in this Sentinel-2 satellite image?,"The July 9, 2024 Sentinel-2 image of the Adi Rassi mine in Eritrea reveals significant environmental hazards. The image shows extensive land disturbance with large areas of exposed soil and bare rock, indicating potential soil erosion and land degradation. A body of water, likely a reservoir or lake, is visible in the lower left corner, with some areas displaying a dark blue hue, which may suggest varying water depths or sediment content. The surrounding terrain exhibits a mix of red, brown, and gray tones, characteristic of mineral-rich soils and geological formations. The lack of visible vegetation in the immediate vicinity of the mine suggests habitat loss and potential environmental degradation. The image indicates substantial environmental risks associated with mining activities, including soil erosion and potential water pollution.","The Sentinel-2 satellite image of the Adi Rassi mine reveals several environmental hazards. The presence of open pits and mining activities is evident, indicating land degradation and potential soil erosion. The disturbed terrain and exposed soil suggest a risk of sedimentation in nearby water bodies. A large body of water is visible in the lower left corner, which may be affected by mining runoff or tailings, potentially impacting water quality. The surrounding landscape shows signs of vegetation stress or loss, likely due to mining activities and soil disturbance. Overall, the image indicates environmental hazards related to land degradation, water pollution, and ecosystem disruption."
AidyrlaGoldDeposit,Focus on the image elements that are indicative of environmental degradation or pollution.,"The Sentinel-2 image from June 2, 2024, shows the Aidyrlya Gold Deposit in Russia's Orenburg Oblast. Extensive land disturbance is evident, with large areas of bare soil and rock exposed due to mining activities, indicating potential soil erosion and habitat destruction. The surrounding landscape shows patches of stressed or sparse vegetation, suggesting environmental degradation. Although no tailings ponds or water bodies with abnormal colors are visible, the widespread excavation and land alteration pose significant risks to local ecosystems and water sources. The image highlights the environmental impact of gold mining in the region, including potential soil and water contamination.","The image shows significant environmental degradation associated with mining activities at the Aidyrlya Gold Deposit. The central area of the image displays extensive land disturbance, with large patches of exposed soil and rock, indicating substantial excavation and removal of vegetation. White and light-gray hues suggest the presence of mine tailings or exposed mineral deposits. Surrounding areas show signs of habitat fragmentation due to the mining operations, with patches of vegetation interspersed among disturbed land. The presence of dark areas, possibly representing water bodies or shadowed regions, is also visible within the disturbed zone. Overall, the image indicates severe land degradation and potential pollution risks associated with the mining activities."
AidyrlaGoldDeposit,Which environmental hazards are present in this Sentinel-2 satellite image?,"The Sentinel-2 image from June 2, 2024, shows the Aidyrlya Gold Deposit in Russia's Orenburg Oblast. The image reveals extensive land disturbance and potential environmental hazards associated with mining activities. Large areas of bare soil and disturbed terrain are visible, indicating significant land degradation. The presence of white patches within the mine area suggests exposed mineral deposits or tailings. Surrounding vegetation appears stressed or cleared in some areas, indicating habitat destruction. Although no direct evidence of water pollution is visible, the extensive land alteration poses risks of soil erosion and potential contamination of nearby water bodies, including the Aidyrlya River. The image highlights the environmental impact of gold mining in the region.","The Sentinel-2 satellite image of the AidyrlaGoldDeposit reveals several environmental hazards. The image shows significant land degradation and deforestation, with large areas of bare ground and disturbed terrain visible around the mine site. The presence of numerous small water bodies, likely tailing ponds or mining-related water storage, is evident, suggesting potential water pollution risks. The surrounding landscape exhibits signs of habitat fragmentation due to mining activities and associated infrastructure. Soil erosion is likely occurring in the disturbed areas, contributing to sedimentation in nearby water bodies. The image indicates that mining operations are impacting local ecosystems and potentially affecting water quality."
AmablePit,Focus on the image elements that are indicative of environmental degradation or pollution.,"The December 13, 2024 Sentinel-2 image of the Amable Pit, part of the Veladero Mine in Argentina's San Juan Province, reveals significant environmental degradation. The open-pit operation has caused extensive land disturbance, with large areas of exposed soil and rock visible. A bright, likely reflective surface within the pit suggests the presence of water or chemicals, potentially indicating mining activity or waste storage. The surrounding terrain shows signs of erosion and habitat disruption, with sparse vegetation in the vicinity. The image highlights the environmental risks associated with large-scale mining, including soil erosion, water contamination, and habitat destruction.","The Amable Pit, part of the Veladero Mine, exhibits significant environmental degradation. The image reveals extensive land disturbance, with the open pit and surrounding areas showing barren terrain and disrupted topography. The presence of mining infrastructure and haul roads is evident, contributing to soil erosion and habitat disruption. The surrounding landscape displays altered vegetation patterns, with sparse or absent vegetation in areas adjacent to the mine, indicating potential soil degradation or contamination. Water bodies within or near the mine appear absent or minimal, but the image suggests potential water runoff or sediment transport issues due to the disturbed terrain. Overall, the image indicates substantial environmental impact from mining activities, including land degradation and potential water quality concerns."
AmablePit,Which environmental hazards are present in this Sentinel-2 satellite image?,"The December 13, 2024 Sentinel-2 image of the Amable Pit, part of the Veladero Mine in San Juan Province, Argentina, reveals significant environmental hazards associated with large-scale mining. The image shows extensive land disturbance with exposed soil and rock, indicating potential soil erosion and habitat destruction. A large open pit dominates the center, surrounded by disturbed terrain and mining infrastructure. The surrounding landscape exhibits sparse vegetation, suggesting habitat loss and potential degradation of local ecosystems. Although no tailings ponds or water bodies with abnormal colors are visible, the extensive excavation and land alteration suggest ongoing environmental risks, including soil erosion and potential groundwater contamination. The image highlights the environmental impact of mining activities in this high-altitude region.","The Sentinel-2 satellite image of the Amable Pit reveals several environmental hazards. The large open-pit mine is characterized by extensive land degradation, with visible signs of soil erosion and disturbance. The surrounding terrain exhibits significant alteration due to mining activities, including the removal of vegetation and alteration of natural drainage patterns. The image suggests potential risks of water pollution, as evidenced by the presence of water bodies within the mine, which may be contaminated with mining effluents. Additionally, the exposed mineral surfaces and mine tailings may be sources of heavy metal contamination. The overall landscape disruption indicates a high risk of environmental degradation and potential long-term ecological impacts."
ArgyleDiamondMine,Focus on the image elements that are indicative of environmental degradation or pollution.,"The June 27, 2024 Sentinel-2 image of the Argyle Diamond Mine in Western Australia reveals significant environmental degradation. The former open-pit mine, now largely repurposed, displays a large water body with varied colors, suggesting potential chemical contamination or sedimentation. The surrounding area shows substantial land disturbance and exposed soil, indicating soil erosion risks. Although the mine ceased operations in 2020, the image highlights ongoing environmental concerns, including potential water pollution and habitat disruption. The vibrant colors within the mine site contrast with the surrounding vegetation, emphasizing the environmental impact of mining activities.","The image of the Argyle Diamond Mine reveals significant environmental degradation. The mine pit and surrounding areas display stark contrasts in color, indicating substantial alteration of the natural landscape. The presence of multicolored hues within the pit suggests exposure of diverse geological materials, potentially including mine tailings or waste rock. Vegetation loss is evident around the mine site, with the surrounding terrain appearing largely barren and denuded. The infrastructure within and around the mine, such as roads and processing facilities, is visible and contributes to the overall environmental impact. Water bodies within the mine area show varying colors, possibly indicating differences in water quality or sediment load. The image highlights the lasting environmental footprint of the mine, even after ceasing operations, with visible signs of land degradation and potential pollution risks."
ArgyleDiamondMine,Which environmental hazards are present in this Sentinel-2 satellite image?,"The June 27, 2024 Sentinel-2 image of the Argyle Diamond Mine in Western Australia reveals significant environmental hazards associated with the former mining operation. The image shows a large, disturbed area with exposed soil and rock, indicating extensive land degradation. The presence of a large tailings pond with abnormally colored water suggests potential chemical contamination and risk of leakage into nearby water bodies and groundwater. The surrounding landscape is characterized by sparse vegetation and stressed terrain, reflecting the environmental impact of decades-long mining activities. Although the mine is no longer operational, the image highlights ongoing environmental risks associated with the site's legacy.","The Sentinel-2 satellite image of the Argyle Diamond Mine reveals several environmental hazards. The presence of large areas of disturbed land and exposed soil indicates potential soil erosion and sedimentation risks. Water bodies within the mine appear turbid, suggesting contamination from mining activities. The surrounding landscape shows signs of habitat disruption, with visible changes in vegetation cover near the mine site. The image also indicates potential acid mine drainage, as evidenced by the colorful, likely mineral-rich, water or soil within the mine pit. These environmental hazards highlight the need for ongoing monitoring and remediation efforts to mitigate the mine's ecological impact."
AvonNorthOpenPit,Focus on the image elements that are indicative of environmental degradation or pollution.,"The December 29, 2024 Sentinel-2 image of Avon North Open Pit, part of the Stratford Mining Complex in New South Wales, Australia, reveals significant environmental degradation associated with coal mining activities. The image shows extensive land disturbance, with large areas of bare soil and exposed terrain, indicating potential soil erosion and habitat loss. A tailings pond with abnormally colored water is visible, suggesting chemical contamination and risk of leakage into nearby water bodies and groundwater. The surrounding landscape exhibits a mix of agricultural land and native vegetation, with the mining area starkly contrasting against the greener surroundings. The visible environmental impacts highlight the need for ongoing rehabilitation efforts, consistent with the reported transition to closure and rehabilitation activities at the Stratford Mine.","The Avon North Open Pit mine, part of the Stratford Mining Complex, exhibits signs of environmental degradation. The image reveals extensive land disturbance, with large areas of bare ground and exposed soil, indicating soil erosion and loss of vegetation cover. The presence of open pits and mining infrastructure suggests habitat destruction and fragmentation. Water bodies within the mine appear turbid, potentially due to sedimentation or contamination from mining activities. The surrounding landscape shows a mix of agricultural land and native vegetation, with some areas appearing fragmented or degraded. The contrast between the disturbed mine site and the surrounding environment highlights the environmental impact of mining operations. Rehabilitation efforts are not clearly visible in the image."
AvonNorthOpenPit,Which environmental hazards are present in this Sentinel-2 satellite image?,"The December 29, 2024 Sentinel-2 image of Avon North Open Pit, part of the Stratford Mining Complex in New South Wales, Australia, reveals several environmental hazards. The mine's extensive open-pit excavation and associated infrastructure have caused significant land disturbance and potential soil erosion. Several water bodies within the mine area display abnormal colors, suggesting possible chemical contamination. The surrounding landscape shows a mix of agricultural land and natural vegetation, with the mine's activities potentially impacting local water sources and ecosystems. Although the mine is in the process of closure, with rehabilitation efforts underway, the presence of disturbed land and potentially contaminated water bodies indicates ongoing environmental risks.","The Sentinel-2 satellite image of Avon North Open Pit mine reveals several environmental hazards. The open pit and surrounding areas show significant land degradation, with exposed soil and disturbed terrain visible. Water bodies within the mine appear turbid, suggesting potential water pollution. The surrounding landscape exhibits signs of habitat fragmentation due to mining activities. The image also indicates potential soil erosion and sedimentation issues, as evidenced by the disturbed terrain and presence of sediment-laden water. Overall, the mine's environmental footprint is evident, with ongoing rehabilitation efforts likely necessary to mitigate these hazards."
BengallaOpenCutMine,Focus on the image elements that are indicative of environmental degradation or pollution.,"The December 29, 2024 Sentinel-2 image of the Bengalla Open Cut Mine in New South Wales, Australia, reveals extensive land disturbance due to ongoing coal extraction. The large open pit and adjacent excavation areas display exposed soil and rock, indicating significant soil erosion and habitat destruction. The surrounding landscape shows a mix of agricultural fields and sparse vegetation, with some areas appearing stressed or cleared. Although no tailings ponds with abnormal water color are visible, the extensive mining activity suggests potential environmental risks, including groundwater contamination and increased sedimentation in nearby water bodies. The image highlights the environmental impact of large-scale coal mining on the local ecosystem.","The Bengalla Open Cut Mine exhibits significant environmental degradation. The mine's large excavation areas display extensive bare soil and rock exposure, indicating land degradation. Surrounding vegetation appears sparse and fragmented, with patches of green vegetation visible in the lower right quadrant, suggesting habitat fragmentation. The mine's infrastructure and operations have led to soil erosion, as evidenced by the sediment-laden water bodies and drainage channels. The dark brown hue of the surrounding land indicates soil disturbance or degradation. The contrast between the mine's white and gray tones and the surrounding brown landscape highlights the extent of environmental alteration. Overall, the image suggests that the mine's operations are causing significant environmental impacts, including land degradation, habitat fragmentation, and soil erosion."
BengallaOpenCutMine,Which environmental hazards are present in this Sentinel-2 satellite image?,"The December 29, 2024 Sentinel-2 image of the Bengalla Open Cut Mine in New South Wales, Australia, reveals extensive land disturbance due to ongoing coal extraction. The large open pit is characterized by exposed white and gray soil, indicating significant removal of vegetation and topsoil, which may lead to soil erosion and increased sedimentation in nearby water bodies. The surrounding landscape shows patches of green vegetation, suggesting some remaining natural habitats, but the overall area is dominated by the mining operation. Although no direct evidence of water pollution is visible, the extensive excavation and land alteration pose environmental risks, including potential groundwater contamination and habitat loss. The image highlights the environmental impact of large-scale coal mining in the region.","The Sentinel-2 satellite image reveals several environmental hazards associated with the Bengalla Open Cut Mine. The large open-cut excavation and surrounding areas exhibit significant land degradation, with extensive removal of vegetation and alteration of the natural terrain. The exposed soil and rock surfaces are likely to be susceptible to erosion. Water bodies within the mine appear to be potentially affected by mining activities, as indicated by their dark coloration, which may suggest high sediment or contaminant loads. The contrast between the disturbed mining area and the surrounding landscape highlights the impact of mining on local ecosystems and land cover. The image suggests that the mine is actively altering the local hydrology and potentially affecting nearby agricultural lands and natural habitats."
BishaMine,Focus on the image elements that are indicative of environmental degradation or pollution.,"The June 4, 2024 Sentinel-2 image of the Bisha Mine in Eritrea's Gash Barka Region reveals significant environmental hazards associated with mining activities. The presence of large tailings ponds with abnormally colored water, appearing in shades of blue, indicates potential chemical contamination and risk of leakage into nearby water bodies and groundwater. Extensive land degradation is evident from the exposed soil and bare terrain surrounding the mine, suggesting soil erosion and habitat loss. The surrounding landscape shows sparse vegetation, likely stressed or cleared due to mining operations, contributing to ecological degradation. Overall, the image highlights substantial environmental risks associated with the mine's operations.","The Bisha Mine site exhibits signs of environmental degradation, with large areas of disturbed land and water bodies displaying unusual colors. The bright blue and white hues surrounding the mine indicate the presence of mining-related water or tailings, potentially containing heavy metals or other pollutants. The surrounding terrain shows significant soil erosion, with visible gullies and sediment transport pathways, suggesting that the mining activities are altering the local hydrology. The lack of vegetation in the immediate vicinity of the mine further indicates environmental stress. The image also reveals a large dark blue water body north of the mine, which may be a tailings pond or a natural water feature affected by mining operations. Overall, the image suggests that the mining activities at Bisha Mine are having a significant impact on the local environment."
BishaMine,Which environmental hazards are present in this Sentinel-2 satellite image?,"The June 4, 2024 Sentinel-2 image of the Bisha Mine in Eritrea's Gash Barka Region reveals significant environmental hazards associated with mining activities. A large tailings pond with bright blue, unnaturally colored water indicates potential chemical contamination and risk of leakage into nearby water bodies and groundwater. The extensive open-pit excavation has caused substantial land degradation, with large areas of bare soil and disturbed terrain visible around the mine site. The surrounding landscape shows sparse vegetation, suggesting habitat destruction and potential soil erosion due to mining operations. The image highlights the environmental impact of the mine on the local ecosystem.","The Sentinel-2 satellite image of Bisha Mine reveals several environmental hazards. The open-pit mine is surrounded by disturbed terrain, indicating land degradation and potential soil erosion. The presence of large, turquoise-colored water bodies within the mine suggests the accumulation of potentially contaminated water, which may be acidic or contain heavy metals. The surrounding landscape shows signs of barren land and sparse vegetation, likely due to the mining activities and associated environmental impacts. The image also indicates potential sedimentation and runoff issues, as evidenced by the visible drainage patterns and sediment-laden water. Overall, the image highlights the environmental concerns associated with large-scale mining operations, including water pollution and land degradation."
BuckwheatPit,Focus on the image elements that are indicative of environmental degradation or pollution.,"The June 28, 2024 Sentinel-2 image of the Buckwheat Pit in Franklin, New Jersey, reveals significant environmental impacts associated with historical mining activities. Although the mine is no longer operational, the image shows extensive land disturbance and bare soil, indicating potential soil erosion. Several areas with exposed soil and disturbed terrain are visible, suggesting ongoing land degradation. The presence of patches of sparse or stressed vegetation around the site reflects the lasting environmental impact of mining. While no direct evidence of water or air pollution is visible, the disturbed terrain and bare soil indicate substantial environmental risks, including potential sedimentation and groundwater contamination.","The Buckwheat Pit in Franklin, New Jersey, exhibits signs of environmental degradation. The image reveals several barren areas, likely resulting from historical mining activities, which are visible as white or light-colored patches scattered throughout the landscape. These areas indicate soil disturbance and potential erosion. The presence of these bare spots amidst otherwise vegetated regions suggests localized land degradation. The surrounding dense vegetation appears healthy, with vibrant green tones, indicating a mix of forested and possibly agricultural areas. The contrast between the barren mining sites and the healthy vegetation highlights the environmental impact of past mining operations. Overall, the image captures the legacy effects of mining on the local environment."
BuckwheatPit,Which environmental hazards are present in this Sentinel-2 satellite image?,"The June 28, 2024 Sentinel-2 image of the Buckwheat Pit in Franklin, New Jersey, reveals several environmental hazards associated with the former zinc ore mine. Several areas of exposed soil and bare rock are visible, indicating land degradation and potential soil erosion. A body of water with an unusual purple hue is present near the bottom right, suggesting possible chemical contamination. The surrounding landscape is largely forested, but the presence of mining-related features and disturbed terrain indicates habitat disruption. Although no direct evidence of water pollution is visible, the image suggests ongoing environmental risks related to the mine's legacy.","The Sentinel-2 satellite image of the Buckwheat Pit mine in Franklin, New Jersey, reveals several environmental hazards. The image shows large areas of disturbed land, likely resulting from historical mining activities, which can lead to soil erosion and increased sedimentation in nearby water bodies. The presence of exposed soil and bare ground indicates potential sources of heavy metal contamination, as the site is known for zinc and iron ore deposits. Additionally, the image suggests possible water quality issues, as mining activities can impact local hydrology and lead to acid mine drainage. The surrounding landscape appears to be largely forested, but the contrast between the vegetated areas and the disturbed mine site highlights the potential for habitat fragmentation and ecosystem disruption."
BurnagaMine,Focus on the image elements that are indicative of environmental degradation or pollution.,"The September 13, 2024 Sentinel-2 image of the Burnaga Mine shows extensive land disturbance with large areas of exposed brown soil and bare rock, indicating significant mining activity. The surrounding landscape exhibits sparse vegetation, suggesting potential soil erosion and habitat degradation. A river flowing through the area appears turbid, potentially due to sediment runoff from the mine. Although no tailings ponds or unnaturally colored water bodies are visible, the widespread land alteration and sediment-laden river indicate environmental risks associated with mining operations. The stressed vegetation and exposed terrain highlight the need for monitoring to mitigate potential long-term ecological impacts.","The Burnaga Mine area exhibits signs of environmental degradation, with visible changes in land cover and potential pollution indicators. The image reveals a mix of disturbed land, likely due to mining activities, and surrounding vegetation. The terrain appears to be largely devoid of dense vegetation in the central region, with red and brown hues indicating bare soil or sparse vegetation. A winding path or river runs through the center, suggesting potential water flow or sediment transport. White patches on the left side of the image are likely clouds, which may be obstructing the view of the terrain below. The overall landscape indicates significant alteration due to mining, with potential impacts on local ecosystems and water quality."
BurnagaMine,Which environmental hazards are present in this Sentinel-2 satellite image?,"The Sentinel-2 image from September 13, 2024, shows the Burnaga Mine, characterized by extensive land disturbance and potential environmental hazards. The surrounding terrain exhibits a mix of brown and green hues, indicating varied vegetation health and possible soil degradation. A prominent river runs through the center, with lighter shades suggesting sedimentation or altered water quality. The presence of white patches on the left side of the image indicates cloud cover, which may affect the visibility of certain environmental features. Overall, the image suggests significant environmental impact from mining activities, including potential soil erosion and water pollution.","The image shows a mining area with environmental hazards. The presence of mining activities is indicated by the disturbed terrain and infrastructure. The surrounding landscape exhibits signs of land degradation, with sparse vegetation cover in some areas, suggesting soil erosion or loss of soil quality. Water bodies near the mining site appear potentially affected, with possible sedimentation or contamination. The image also shows cloud cover in the left portion, indicating weather conditions at the time of imaging. Overall, the environmental hazards present include land degradation and potential water pollution due to mining activities."
CadiaHillMine,Focus on the image elements that are indicative of environmental degradation or pollution.,"The December 29, 2024 Sentinel-2 image of the Cadia Hill Mine in New South Wales, Australia, shows extensive open-pit mining with significant environmental impacts. A large tailings pond with bright blue water, likely containing mining byproducts, suggests potential chemical contamination and risk of leakage into nearby water bodies and groundwater. The surrounding landscape exhibits widespread land degradation, with bare soil and disturbed terrain indicating soil erosion and habitat destruction. The contrast between the mine site and the surrounding agricultural land highlights the environmental footprint of the mining operation, with potential risks to local ecosystems and water sources.","The Sentinel-2 satellite image of Cadia Hill Mine on December 29, 2024, reveals significant environmental degradation associated with mining activities. The open-cut mine is characterized by extensive land clearing, resulting in large areas devoid of vegetation. A prominent blue water body, likely a tailings storage facility, is visible near the center of the image, indicating potential water pollution risks. The surrounding landscape exhibits signs of soil disturbance and erosion, with visible sediment pathways. The contrast between the disturbed mine site and the surrounding vegetated areas highlights the environmental impact of mining operations. The image suggests ongoing land degradation and potential water quality issues due to mining activities."
CadiaHillMine,Which environmental hazards are present in this Sentinel-2 satellite image?,"The December 29, 2024 Sentinel-2 image of the Cadia Hill Mine in New South Wales, Australia, reveals significant environmental hazards associated with the extensive open-pit gold and copper mining operation. A large tailings pond with bright blue water, likely containing mining byproducts, indicates potential chemical contamination and risk of leakage into nearby water bodies and groundwater. The surrounding landscape shows considerable land degradation, with extensive areas of bare soil and disturbed terrain. The contrast between the mine site and the adjacent agricultural lands and natural vegetation highlights the environmental impact of the mining activities, including potential soil erosion and habitat destruction.","The Sentinel-2 satellite image of Cadia Hill Mine reveals several environmental hazards. The mine's open-cut operations have led to extensive land degradation, with large areas of bare soil and rock exposed, indicating potential soil erosion. The presence of a large, bright blue water body within the mine suggests the accumulation of potentially contaminated water, which may be acidic or contain heavy metals, posing a risk to local water quality. The surrounding landscape shows signs of deforestation and habitat fragmentation, with patches of vegetation cleared or disturbed. The contrast between the disturbed mine area and the surrounding agricultural land and forests highlights the environmental impact of mining activities on local ecosystems. Turbid water is visible in some of the mine's water bodies, indicating potential water pollution."
