base,rgb_blob,ndvi_blob,question,rgb_only,rgb_plus_ndvi
AdamsPit_rgb_2024-09-13,AdamsPit_rgb_2024-09-13.png,AdamsPit_ndvi_2024-09-13.png,Which types of environmental hazards and environmental degradations are present in this Sentinel-2 satellite image?,"This September 13, 2024 Sentinel-2 image of Adams Pit in South Africa's Northern Cape shows an extensive mining operation within the Kalahari Manganese Field. The site, part of the Mamatwan Mine, is characterized by large areas of disturbed land, with exposed soil and rock indicating heavy manganese extraction activity. The presence of a large, contained area storing manganese slurry and other industrial waste suggests potential chemical contamination and risk of leakage into surrounding water sources and groundwater. The surrounding landscape appears arid and devoid of vegetation, reflecting the environmental impact of mining operations on local ecosystems. The image evidences significant land degradation and potential water pollution risks associated with manganese mining. Ongoing reclamation efforts, including reprocessing and stabilizing stored materials, are likely aimed at mitigating these environmental hazards. The sensitive Kalahari aquifers remain at risk due to slurry disposal, highlighting the need for continued environmental monitoring and management.","The Sentinel-2 image from September 13, 2024, shows the Adams Pit, part of the Mamatwan Mine in South Africa's Northern Cape, a major manganese extraction site. The RGB image reveals extensive land disturbance with exposed soil and bare rock within the pit area, suggesting soil erosion and potential water pollution. The NDVI image confirms severe vegetation loss around the mining site, with red tones indicating bare or disturbed land and green tones showing sparse surrounding vegetation. The presence of a tailings storage facility within the pit, used for manganese slurry disposal, raises concerns about groundwater contamination in the sensitive Kalahari aquifers. Reclamation efforts are underway, but environmental risks persist due to historical waste disposal practices and ongoing slurry storage. The extraction of manganese, particularly the carbonate-rich manganese lutite, contributes to these environmental impacts."
AvonNorthOpenPit_rgb_2024-12-29,AvonNorthOpenPit_rgb_2024-12-29.png,AvonNorthOpenPit_ndvi_2024-12-29.png,Which types of environmental hazards and environmental degradations are present in this Sentinel-2 satellite image?,"This December 29, 2024 Sentinel-2 image shows the Avon North Open Pit mine, part of the Stratford Mining Complex in Gloucester County, New South Wales, Australia. The mine is associated with coal extraction, as are the nearby Stratford, Duralie, and Grant & Chainey deposits. The image evidences significant land disturbance due to open-pit coal mining, with large areas of exposed soil and bare ground. Water bodies within the mine site display unnatural colors, suggesting potential contamination from mining activities. The surrounding landscape shows a mix of agricultural land and native vegetation, with the mine's infrastructure and tailings ponds starkly contrasting with the natural environment. As coal production ceased at Stratford Mine in 2021 and transitioned to closure in 2024, with ongoing rehabilitation efforts, the image captures a snapshot of the site during this transitional phase. The environmental impacts of coal mining, including land degradation and potential water pollution, are evident.","The December 29, 2024 Sentinel-2 image of the Avon North Open Pit mine in Gloucester County, New South Wales, Australia, shows extensive coal mining activity. The RGB image (Image 1) reveals large areas of disturbed land, with exposed soil and bare rock visible within the open pit and surrounding infrastructure. The NDVI image (Image 2) highlights the severity of land degradation, with the mine site appearing in deep red, indicating a complete lack of vegetation. 

The surrounding landscape shows a mix of agricultural land and native vegetation, with some areas of sparse vegetation. The coal mining operations have likely contributed to soil erosion, water pollution, and habitat destruction. As the Stratford Mine has transitioned to closure, with bulk earthworks and reshaping underway, the environmental impact of the mining activity is still evident. The image suggests ongoing environmental monitoring is necessary to mitigate the effects of coal extraction on the local ecosystem."
BlackwoodOpencut_rgb_2024-12-26,BlackwoodOpencut_rgb_2024-12-26.png,BlackwoodOpencut_ndvi_2024-12-26.png,Which types of environmental hazards and environmental degradations are present in this Sentinel-2 satellite image?,"This December 26, 2024 Sentinel-2 image shows the Blackwood Open Cut mine in the Broken Hill District, New South Wales, Australia. The mine, which extracted lead, zinc, and silver, is characterized by extensive land disturbance and soil erosion, as evidenced by the large open pit. Water bodies near the mine display unnatural colors, suggesting chemical contamination from mining activities. The surrounding landscape shows sparse vegetation, reflecting the environmental impact of the extraction processes. The image highlights the significant environmental degradation associated with the mining of these minerals, including potential water pollution and habitat destruction. The historical significance of the Blackwood Open Cut in the transition to surface-focused mining techniques is underscored by the visible environmental changes.","This December 26, 2024 Sentinel-2 image captures the Blackwood Open Cut mine in the Broken Hill District, New South Wales, Australia, where lead, zinc, and silver were extracted. The RGB image shows extensive land disturbance and soil exposure around the mine, with sparse vegetation in the surrounding area. The NDVI image confirms severe land degradation, displaying the mining site and urban area in red tones, indicating bare soil and non-vegetated surfaces. The presence of tailings ponds with potentially contaminated water is visible in the RGB image. The extraction of lead, zinc, and silver has contributed to environmental degradation, including soil erosion and potential water pollution. The historical significance of the Blackwood Open Cut in the Broken Hill mining district is evident, reflecting the transition from underground to surface mining techniques."
BrumagenOpenCut_rgb_2024-12-25,BrumagenOpenCut_rgb_2024-12-25.png,BrumagenOpenCut_ndvi_2024-12-25.png,Which types of environmental hazards and environmental degradations are present in this Sentinel-2 satellite image?,"This December 25, 2024 Sentinel-2 image shows the Brumagen Open Cut in Stawell, Victoria, Australia, a legacy gold mining site. The image evidences significant land disturbance and environmental degradation resulting from gold extraction activities. A large open pit with blue-tinged water suggests potential acid mine drainage or contamination. The surrounding landscape exhibits patchy vegetation, indicating habitat disruption and possible soil degradation. The contrast between the disturbed mining area and the surrounding agricultural land highlights the localized impact of mining operations. The presence of gold deposits in the Lachlan Fold Belt geological province has driven extensive mining, contributing to the observed environmental conditions. As the site is currently inactive, the image captures the lasting environmental footprint of historical gold mining activities.","The December 25, 2024 Sentinel-2 image of the Brumagen Open Cut gold mine in Stawell, Victoria, Australia, shows significant environmental degradation. The RGB image reveals a large open pit with disturbed land and potential soil erosion. The presence of water within the pit suggests accumulation of surface runoff or groundwater, potentially leading to water pollution. The surrounding area exhibits a mix of agricultural land and sparse vegetation, indicating habitat disruption. The NDVI image confirms the absence of vegetation within the mine pit and surrounding disturbed areas, highlighting the environmental impact of gold extraction. The extraction of gold at this site has led to substantial land degradation and ecosystem disruption. The inactive status of the Brumagen Open Cut, with current mining focused underground, suggests that rehabilitation efforts may be necessary to mitigate long-term environmental consequences."
CadiaHillMine_rgb_2024-12-29,CadiaHillMine_rgb_2024-12-29.png,CadiaHillMine_ndvi_2024-12-29.png,Which types of environmental hazards and environmental degradations are present in this Sentinel-2 satellite image?,"This Sentinel-2 image from December 29, 2024, shows the Cadia Hill Mine in New South Wales, Australia, where gold and copper are extracted through extensive open-cut and underground operations. The image evidences significant land disturbance, with large areas of exposed soil and bare rock, suggesting potential soil erosion and water pollution. A prominent tailings pond with bright blue water indicates potential chemical contamination and risk of leakage into nearby water bodies. The surrounding landscape shows patchy vegetation and agricultural fields, contrasting with the disturbed mining area. The extraction of gold and copper, particularly in large-scale open-pit operations, contributes to the observed environmental degradation, including habitat disruption and potential groundwater contamination.","This December 29, 2024 Sentinel-2 image of the Cadia Hill Mine in New South Wales, Australia, shows extensive environmental degradation due to gold and copper extraction. The RGB image reveals a large open pit with significant land disturbance and soil erosion, while a tailings pond with bright blue water suggests potential chemical contamination. The surrounding area exhibits sparse vegetation and stressed land cover. The NDVI image confirms severe vegetation loss around the mine site, with red tones indicating bare soil and mining infrastructure. The extraction of gold and copper at Cadia Hill Mine has led to substantial environmental impacts, including habitat destruction and potential water pollution, reflecting the mine's long history of operation since the 1990s."
CarbocalcioQuarry_rgb_2024-08-08,CarbocalcioQuarry_rgb_2024-08-08.png,CarbocalcioQuarry_ndvi_2024-08-08.png,Which types of environmental hazards and environmental degradations are present in this Sentinel-2 satellite image?,"This Sentinel-2 image from August 8, 2024, shows the Carbocalcio Quarry in Italy's Gesso Valley. The quarry, a major source of limestone for industrial applications, exhibits significant environmental impacts. Extensive exposed white and grey rock formations indicate substantial land disturbance due to limestone extraction. The surrounding landscape is largely forested, but areas adjacent to the quarry show signs of vegetation stress and potential habitat disruption. The proximity of the quarry to the Maritime Alps Natural Park raises concerns about landscape degradation and potential effects on local ecosystems and groundwater flow. The extraction of limestone, particularly the recrystallized carbonate rocks known as ""Valdieri marbles,"" contributes to the observed environmental conditions, including slope instability and potential sedimentation in nearby water bodies.","This Sentinel-2 image from August 8, 2024, shows the Carbocalcio Quarry in Italy's Piedmont region, where limestone is extracted for ground calcium carbonate production. The RGB image (Image 1) reveals extensive land disturbance on the southern slope of Monte La Piastra, with visible quarrying activities and bare rock exposure. The surrounding landscape is predominantly forested, with lush vegetation covering the mountainsides. 

The NDVI image (Image 2) highlights the environmental impact, with the quarry site appearing in red, indicating bare soil and rock. The surrounding area shows varying vegetation health, with green tones signifying dense vegetation and yellow to light green areas suggesting moderate vegetation cover. The extraction of limestone and associated quarrying activities have likely caused habitat disruption and increased the risk of soil erosion. The proximity to the Maritime Alps Natural Park raises concerns about landscape impact and potential effects on local ecosystems and groundwater flow."
Endeavour22_rgb_2024-12-27,Endeavour22_rgb_2024-12-27.png,Endeavour22_ndvi_2024-12-27.png,Which types of environmental hazards and environmental degradations are present in this Sentinel-2 satellite image?,"This December 27, 2024 Sentinel-2 image of the Northparkes Mine Project in New South Wales, Australia, shows extensive mining activity with multiple open pits and associated infrastructure. The mine, known for extracting copper and gold from porphyry deposits, exhibits significant land disturbance and potential environmental degradation. The exposed soil and bare rock around the mining areas are devoid of vegetation, suggesting soil erosion and habitat loss. A large open pit with turquoise-colored water indicates potential acid mine drainage or chemical contamination. The surrounding agricultural landscape, visible in the varied purple and green hues, contrasts sharply with the disturbed mining area, highlighting the localized impact of mining operations on the environment. The extraction of copper and gold at this site contributes to the observed environmental conditions, including land degradation and potential water pollution.","The December 27, 2024 Sentinel-2 image of the Northparkes Mine Project in New South Wales, Australia, shows extensive land disturbance due to copper and gold extraction. The RGB image highlights large open pits and tailings storage areas, with bare soil and rock exposed. The NDVI image reinforces this, displaying the mine site in red, indicating a lack of vegetation. Surrounding agricultural fields appear stressed, shown in orange hues, suggesting potential soil degradation or water stress. The stark contrast between the disturbed mine area and the agricultural landscape evidences the environmental impact of mining operations. The extraction of copper and gold at Northparkes likely contributes to soil erosion, water pollution, and habitat loss, affecting local ecosystems and biodiversity."
