id	filename	mine_name	site_location	country	gps_coordinates	caption
1	WamboOpenCutMine_rgb_2024-09-05.png	WamboOpenCutMine	Wambo Open Cut Mine, Hunter County, New South Wales	Australia	-32.54914,150.95259	The September 5, 2024 Sentinel-2 image shows the Wambo Open Cut Mine in the Hunter Valley, New South Wales, Australia. The mine's extensive open-pit excavation has caused significant land disturbance, with large areas of bare soil and rock exposed. The surrounding landscape appears to be largely vegetated, with some signs of land degradation near the mine site. The image indicates potential soil erosion and habitat disruption due to mining activities. Although no visible water bodies or tailings ponds are present within the mine area, the extensive land alteration suggests ongoing environmental risks associated with the mining operation.
2	UdachnayaMine_rgb_2024-06-26.png	UdachnayaMine	Udachnaya pipe, Daldyn, Mirninsky District, Sakha	Russia	66.43333,112.31667	The June 26, 2024 Sentinel-2 image of the Udachnaya open-pit diamond mine in Russia's Sakha Republic reveals significant environmental degradation. The extensive excavation and removal of soil and rock have caused substantial land disturbance, evident in the large, deep pit and surrounding bare terrain. A tailings pond with distinctively colored water is visible, suggesting potential chemical contamination and risk to nearby water sources. The surrounding landscape shows sparse vegetation, indicating habitat disruption and potential soil erosion. The contrast between the disturbed mining area and the surrounding forested landscape highlights the environmental impact of the mining activities.
3	UgaroMine_rgb_2024-09-22.png	UgaroMine	Ugaro Mine, Awgaro (Ugaro), Gash Barka Region	Eritrea	14.7825,37.3	The Sentinel-2 image from September 22, 2024, shows the Ugaro Mine in Eritrea. Extensive land degradation is evident, with large areas of bare soil and disturbed terrain visible around the mine. The presence of numerous small, winding paths and disturbed land suggests informal mining activities. Although no tailings ponds or water bodies with abnormal colors are visible, the widespread land disturbance indicates potential soil erosion and habitat destruction. The surrounding vegetation appears relatively intact, but the environmental impact of mining is still evident in the degraded land and altered terrain. Overall, the image highlights significant environmental hazards associated with mining activities in the region.
4	TincalayuMine_rgb_2024-12-20.png	TincalayuMine	Antofagasta de la Sierra Department, Catamarca Province	Agentina	-25.268122,-67.055228	The December 20, 2024 Sentinel-2 image of the Tincalayu Mine in Argentina's Catamarca Province reveals significant environmental hazards associated with borate extraction. The mine's open pits, set within the Salar del Hombre Muerto salt pan, have caused substantial land disturbance and potential soil erosion. The presence of dark, disturbed soil and the stark contrast between the mined area and surrounding terrain indicate severe land degradation. Although no direct evidence of water contamination is visible, the proximity of mining operations to the salt pan and potential brine pools suggests risks to local hydrology. The image highlights the environmental impact of mining in this sensitive, high-altitude ecosystem.
5	TsumebMine_rgb_2024-12-16.png	TsumebMine	Green hill open mine, Tsumeb Mine (Ongopolo Mine), Tsumeb, Oshikoto Region	Namibia	-19.23977,17.71588	The December 16, 2024 Sentinel-2 image shows the Tsumeb Mine in Namibia, a polymetallic mining site known for copper, lead, zinc, and silver extraction. The image reveals extensive land degradation due to large-scale open-pit mining and associated infrastructure. A large tailings pond is visible. The surrounding area shows significant soil disturbance and potential erosion, with sparse vegetation indicating habitat degradation. The environmental hazards present include potential chemical contamination from the tailings pond and soil erosion due to extensive land clearing. Overall, the image highlights the substantial environmental impact of mining activities at the Tsumeb Mine.
6	TancoMine_rgb_2024-11-15.png	TancoMine	Bernic Lake, Lac-du-Bonnet, Manitoba	Canada	50.432063,-95.445967	The November 15, 2024 Sentinel-2 image of the Tanco Mine at Bernic Lake, Manitoba, Canada, reveals significant environmental hazards associated with the extraction of tantalum, lithium, and caesium. The mine site exhibits extensive land disturbance, with large areas of bare soil and rock exposed due to excavation. The surrounding forest shows signs of stress and fragmentation, likely due to mining activities. A body of water near the mine appears to have an unusual color, suggesting potential chemical contamination. The image indicates potential environmental risks, including soil erosion, water pollution, and habitat destruction. The presence of unnaturally colored water and extensive land degradation highlights the need for ongoing environmental monitoring and management.
7	ThompsonMine_rgb_2024-06-21.png	ThompsonMine	Moab-Setting Lakes area, Thompson Nickel Belt, Manitoba	Canada	55.719763,-97.835312	The June 21, 2024 Sentinel-2 image of the Thompson Mine in Manitoba, Canada, reveals significant environmental hazards associated with nickel mining. The open-pit operation has resulted in extensive land disturbance, with large areas of bare soil and rock exposed, indicating potential soil erosion. A nearby lake displays yellowish water, suggesting possible chemical contamination or sedimentation from mining activities. The surrounding forest appears largely intact, but the presence of the mine and associated infrastructure has fragmented the landscape. The image highlights the environmental risks associated with mining, including water pollution and habitat disruption, in a region otherwise characterized by dense forest and numerous lakes.
8	SprucePineQuarry_rgb_2024-04-15.png	SprucePineQuarry	Bakersville, Mitchell County, North Carolina	USA	35.942922,-82.08268	The April 15, 2024 Sentinel-2 image of the Spruce Pine Quarry in North Carolina reveals significant environmental degradation. The extensive white areas indicate large-scale excavation and removal of soil and rock, likely causing soil erosion and habitat destruction. The surrounding landscape shows stressed vegetation, with the dark red tones suggesting a mix of bare soil and sparse vegetation cover. The image highlights the environmental impact of mining activities, including land degradation and potential soil instability. No visible water bodies or tailings ponds are present in the image, but the extensive land alteration poses risks to local ecosystems and potentially to groundwater quality.
9	SprucePineQuarry_rgb_2024-04-25.png	SprucePineQuarry	Bakersville, Mitchell County, North Carolina	USA	35.942922,-82.08268	The April 25, 2024 Sentinel-2 image of the Spruce Pine Quarry in North Carolina reveals extensive mining activity within the Blue Ridge Mountains. Large areas of exposed white and light-colored soil indicate significant land disturbance, likely resulting in soil erosion and increased sedimentation risk in nearby water bodies. The surrounding landscape shows a mix of dense vegetation and disturbed terrain, suggesting habitat disruption. Although no tailings ponds or water bodies with abnormal colors are visible, the extensive excavation and land alteration pose potential environmental risks, including soil degradation and habitat loss. The contrast between the disturbed mining areas and the surrounding dense vegetation highlights the environmental impact of quarrying activities.
10	SanMiguelOpenPit_rgb_2024-09-06.png	SanMiguelOpenPit	Pirquitas Mine, Mina Pirquitas, Rinconada Department, Jujuy Province	Argentina	-22.684407,-66.541539	The September 6, 2024 Sentinel-2 image of the SanMiguelOpenPit mine in Argentina reveals significant environmental hazards. The open-pit operation has caused substantial land degradation, with large areas of exposed soil and disturbed terrain visible. A tailings pond with abnormally colored water, likely due to chemical contamination, is present near the mine. The surrounding terrain shows signs of erosion, and the natural vegetation appears stressed or cleared, indicating habitat destruction. The image highlights potential risks of water pollution and soil contamination associated with the mining activities. The environmental impact is evident in the altered landscape and potential chemical hazards.
11	SanValentínMine_rgb_2024-04-14.png	SanValentínMine	La Unión, Murcia	Spain	37.60893,-0.85699	The April 14, 2024 Sentinel-2 image of the San Valentín Mine in La Unión, Murcia, Spain, reveals significant environmental hazards. Extensive mining activity has led to substantial land degradation, with large areas of bare soil and disturbed terrain evident. The presence of tailings ponds with abnormally colored water suggests potential chemical contamination and risks to nearby water bodies and groundwater. The surrounding landscape shows stressed or cleared vegetation, indicating habitat destruction and potential soil erosion. These environmental impacts pose ongoing risks to local ecosystems and water quality, highlighting the need for continued monitoring and remediation efforts.
12	RixCreekOpenCutMine_rgb_2024-12-29.png	RixCreekOpenCutMine	Durham Co., New South Wales	Australia	-32.52135,151.12558	The December 29, 2024 Sentinel-2 image of Rix Creek Open Cut Mine in New South Wales, Australia, reveals extensive environmental disturbances due to coal mining activities. The large open-cut excavation has caused significant land degradation, with extensive removal of vegetation and topsoil, leading to potential soil erosion. A large area of bare, disturbed soil is visible, indicating habitat destruction and loss. Although no water bodies or tailings ponds are directly visible in the image, the scale of land alteration suggests potential risks to nearby water sources and groundwater. The surrounding landscape shows signs of stress, with sparse vegetation cover around the mine site.
13	RioTintoBoraxMine_rgb_2024-08-25.png	RioTintoBoraxMine	Kramer Borate deposit, Boron, Kern County, California	USA	35.044444,-117.694444	The August 25, 2024 Sentinel-2 image of the RioTintoBoraxMine in Boron, California, reveals significant environmental hazards associated with the world's largest open-pit borax operation. Extensive land disturbance is evident, with large areas of exposed soil and bare rock indicating potential soil erosion. Several tailings ponds with abnormal water colors are visible on the left side of the image, suggesting chemical contamination and risk of leakage into nearby water bodies and groundwater. The surrounding arid landscape shows sparse vegetation, likely stressed by the mining activities, reflecting habitat degradation and loss. The image highlights the environmental impact of large-scale mining operations in sensitive ecosystems.
14	RavensworthOpenCutMine_rgb_2024-12-29.png	RavensworthOpenCutMine	Durham Co., New South Wales	Australia	-32.443459,151.014824	The December 29, 2024 Sentinel-2 image of Ravensworth Open Cut Mine in New South Wales, Australia, reveals significant environmental degradation. The extensive open-pit excavation has caused substantial land disturbance, with large areas of exposed soil and bare rock indicating potential soil erosion. A tailings pond is visible with water that appears abnormally colored, suggesting chemical contamination and risk of leakage into nearby water bodies and groundwater. The surrounding landscape shows signs of habitat destruction, with stressed or cleared vegetation adjacent to the mine site. The image highlights the environmental impact of ongoing coal mining activities, including land degradation and potential water pollution.
15	ReocínMine_rgb_2024-04-20.png	ReocínMine	Reocín, Cantabria	Spain	43.34444,-4.08556	The Sentinel-2 image from April 20, 2024, shows the Reocín Mine in Cantabria, Spain. The former zinc-lead mine is now a controlled mining lake, filled with water from the Saja River, rain, and minor diapir inflows. The lake's dark blue water indicates significant water accumulation, potentially affecting local hydrogeology. The surrounding area is largely forested, with some signs of land disturbance near the mine site. Although no direct evidence of chemical contamination is visible, the presence of a large mining lake suggests potential environmental risks, including water pollution and altered local ecosystems. The image highlights the need for ongoing monitoring to mitigate potential environmental hazards associated with the mine's legacy.
16	OuenzaMine_rgb_2024-12-18.png	OuenzaMine	Ouenza, Ouenza District, Tébessa Province	Algeria	35.94118,8.09881	The December 18, 2024 Sentinel-2 image of the Ouenza Mine in Algeria reveals extensive environmental degradation associated with large-scale iron ore extraction. The open-pit mine exhibits significant land disturbance, with exposed reddish-brown soil indicating potential soil erosion and sedimentation risks. A small, white-colored water body is visible at the bottom of the pit, suggesting the presence of mine drainage or accumulated water, which may be contaminated with heavy metals or other pollutants. The surrounding terrain shows signs of habitat disruption and soil degradation, with sparse vegetation cover. The image highlights the environmental impact of mining activities, including potential water pollution and land degradation.
17	PalaboraMine_rgb_2024-04-22.png	PalaboraMine	Phalaborwa, Ba-Phalaborwa Local Municipality, Mopani District, Limpopo	South Africa	-23.992038,31.128078	The April 22, 2024 Sentinel-2 image of the Palabora Mine in South Africa reveals significant environmental hazards associated with large-scale mining operations. The mine's extensive open pits and tailings ponds are visible, with the latter displaying abnormal water colors suggestive of chemical contamination. The surrounding landscape shows widespread land degradation, with sparse vegetation and exposed soil indicating potential soil erosion and habitat loss. The mine's infrastructure and excavation activities have significantly altered the terrain, contributing to environmental risks such as groundwater contamination and sedimentation in nearby water bodies. The image highlights the environmental impact of long-term mining activities in the region.
18	MuswellbrookOpenCutMine_rgb_2024-09-10 (1).png	MuswellbrookOpenCutMine	Muswellbrook, Durham Co., New South Wales	Australia	-32.245938,150.937186	The September 10, 2024 Sentinel-2 image shows the Muswellbrook Open Cut Mine in New South Wales, Australia. The mine, which ceased coal production in 2022, displays significant land disturbance with large areas of exposed soil and bare ground. Ongoing rehabilitation efforts are evident, with varying stages of vegetation regrowth around the site. The surrounding landscape is predominantly vegetated, contrasting with the disturbed mine area. No visible water bodies or tailings ponds with abnormal coloration are present in the image. The site's transition from active mining to rehabilitation is visible, with some areas showing signs of revegetation, indicating initial steps toward environmental recovery and land restoration.
19	MuswellbrookOpenCutMine_rgb_2024-09-10.png	MuswellbrookOpenCutMine	Muswellbrook, Durham Co., New South Wales	Australia	-32.245938,150.937186	The September 10, 2024 Sentinel-2 image shows the Muswellbrook Open Cut Mine in New South Wales, Australia, which ceased coal production in 2023 and is undergoing rehabilitation. The mine site displays extensive land disturbance with exposed soil and bare rock, indicating potential soil erosion. Surrounding vegetation appears healthy, with dense green cover, suggesting successful re-vegetation efforts in adjacent areas. The rehabilitation process is evident, with the site transitioning from an active mine to a landscape that may support alternative land uses, such as the planned pumped-storage hydropower project and solar farm. Overall, the image captures a critical phase in the mine's transition from active mining to sustainable land management.
20	MountArthurNorthMine_rgb_2024-12-29.png	MountArthurNorthMine	Mount Arthur Coal Mine Complex, Muswellbrook, Durham Co., New South Wales	Australia	-32.335134,150.847773	The December 29, 2024 Sentinel-2 image of the Mount Arthur North Mine in New South Wales, Australia, reveals extensive environmental hazards associated with large-scale coal mining. The mine's vast open-pit excavation has caused significant land degradation, with large areas of bare soil and disturbed terrain visible. The surrounding landscape shows signs of habitat destruction, with sparse vegetation around the mine site. Although no tailings ponds with abnormally colored water are directly visible, the extensive excavation and soil removal indicate potential soil erosion and increased sedimentation risk in nearby water bodies. The image highlights the environmental impact of ongoing mining activities, including land disturbance and potential groundwater contamination.
21	MountPleasantOpenCutMine_rgb_2024-12-29.png	MountPleasantOpenCutMine	Brisbane Co., New South Wales	Australia	-32.25353,150.848326	The December 29, 2024 Sentinel-2 image of the Mount Pleasant Open Cut Mine in New South Wales, Australia, reveals significant environmental hazards. The extensive open-pit excavation has caused substantial land degradation, with large areas of exposed soil and rock visible in the image. The surrounding landscape shows signs of disturbance, with sparse vegetation and altered terrain. Although no tailings ponds or water bodies with abnormal colors are visible in the image, the extensive mining activity suggests potential risks of soil erosion and habitat loss. The contrast between the mined area and the surrounding land cover highlights the environmental impact of the mining operation.
22	MirnyMine_rgb_2024-06-10.png	MirnyMine	Mirny Mine, Mirny, Mirninsky District, Sakha	Russia	62.52988,113.98743	The June 10, 2024 Sentinel-2 image of the Mirny Mine in Russia reveals significant environmental degradation associated with diamond mining. The large open pit, now partially filled with turquoise-colored water, indicates a substantial alteration of the landscape. The surrounding area shows extensive land disturbance, with bare soil and disturbed terrain visible around the mine. The presence of tailings ponds with abnormally colored water suggests potential chemical contamination and risk of leakage into nearby water bodies and groundwater. The stark contrast between the lush green surroundings and the barren mining area highlights the environmental impact of mining activities on local ecosystems and habitats.
23	MaryKathleenMine_rgb_2024-05-03.png	MaryKathleenMine	Mary Kathleen district, Rosebud Station, Cloncurry Shire, Queensland	Australia	-20.74714,140.01205	The May 3, 2024 Sentinel-2 image of the Mary Kathleen Mine in Queensland, Australia, reveals significant environmental hazards. The area exhibits extensive land degradation, with large patches of bare soil and disturbed terrain visible. A body of water with an abnormal color is present, suggesting potential chemical contamination. The surrounding landscape shows signs of habitat destruction and stressed vegetation, likely due to the legacy of uranium mining and rare earth oxide extraction. The image indicates ongoing environmental risks, including soil erosion and potential groundwater contamination. The rehabilitation efforts are evident, but signs of deterioration are visible, highlighting the need for continued monitoring and management.
24	LiddellOpenCutMine_rgb_2024-12-29.png	LiddellOpenCutMine	Durham Co., New South Wales	Australia	-32.396547,151.03264	The December 29, 2024 Sentinel-2 image shows the Liddell Open Cut Mine in New South Wales, Australia. The mine, which ceased operations in 2023, exhibits extensive land degradation with large areas of exposed soil and disturbed terrain. Several tailings ponds are visible, containing water with abnormal colors, suggesting potential chemical contamination. The surrounding vegetation appears sparse and stressed, indicating ongoing environmental impact. The site's infrastructure remains intact, reflecting its repurposed use for tailings and water storage until 2050 as part of the Liddell Coal Closure Project. The image highlights the environmental challenges associated with mine closure and rehabilitation efforts.
25	MangoolaOpenCutMine_rgb_2024-10-10.png	MangoolaOpenCutMine	Brisbane Co., New South Wales	Australia	-32.296175,150.688218	The October 10, 2024 Sentinel-2 image of the Mangoola Open Cut Mine in New South Wales, Australia, reveals significant environmental hazards associated with coal mining. The extensive open-pit excavation has caused substantial land degradation and soil erosion, as evident from the large areas of exposed bare soil and disturbed terrain. Several water bodies within the mine site display abnormal colors, suggesting potential chemical contamination and risk of leakage into nearby water sources and groundwater. The surrounding landscape shows signs of habitat disruption, with vegetation cleared or stressed in areas adjacent to the mine. Overall, the image indicates ongoing environmental risks related to mining activities, including water pollution and land degradation.
26	LaParrillaMine_rgb_2024-04-15.png	LaParrillaMine	Almoharín, Cáceres, Extremadura	Spain	39.075556,-6.084167	The April 15, 2024 Sentinel-2 image of LaParrillaMine in Almoharín, Spain, reveals significant environmental hazards associated with the inactive tungsten mine. A large area of exposed white soil and bare ground within the mine site indicates substantial land disturbance. The surrounding landscape shows a mix of agricultural fields and natural vegetation, with some areas appearing stressed or disturbed. Although no tailings ponds with abnormal water color are visible, the extensive excavation and soil removal suggest potential soil erosion and habitat disruption. The contrast between the disturbed mine site and the surrounding agricultural and natural areas highlights the environmental impact of mining activities.
27	LavenderPit_rgb_2024-07-29.png	LavenderPit	Bisbee, Cochise County, Arizona	USA	31.431944,-109.898611	The July 29, 2024 Sentinel-2 image shows the Lavender Pit in Bisbee, Arizona, a former open-pit copper mine. The image reveals extensive land disturbance and soil erosion due to mining activities, with exposed reddish-brown soil indicating potential acid mine drainage. The surrounding landscape shows sparse vegetation, suggesting habitat degradation. No visible tailings ponds or water bodies with abnormal coloration are present in the image. The environmental hazards evident in the image include soil erosion, land degradation, and potential acid mine drainage, highlighting the lasting impact of historical mining operations on the local ecosystem.
28	KolweziMine_rgb_2024-10-11.png	KolweziMine	Kolwezi, Mutshatsha, Lualaba	Dr Congo	-10.727574,25.45602	The October 11, 2024 Sentinel-2 image of the Kolwezi Mine in the DRC reveals extensive environmental degradation. Large open pits and tailings ponds with abnormally colored water indicate potential chemical contamination and risk of leakage into nearby water bodies. The surrounding landscape shows severe land degradation, with widespread bare soil and disturbed terrain. Vegetation appears sparse and stressed, suggesting habitat destruction and loss of biodiversity. The image highlights significant environmental hazards associated with copper and cobalt mining activities in the region.
29	KorshunovskoyeIronDeposit_rgb_2024-04-17.png	KorshunovskoyeIronDeposit	Zheleznogorsk-Ilimsky, Nizhneilimsky District, Irkutsk Oblast	Russia	56.547678,104.126949	The April 17, 2024 Sentinel-2 image of the Korshunovskoye Iron Deposit in Russia reveals significant environmental hazards associated with iron mining. The image shows extensive land disturbance, with large areas of exposed soil and bare rock, indicating potential soil erosion and land degradation. A notable feature is the presence of a large, dark-colored pit, likely containing mining waste or tailings, which may be a source of chemical contamination. The surrounding terrain appears heavily disturbed, with visible excavation and removal of soil and rock, suggesting habitat destruction and loss of vegetation. Although no water bodies are clearly visible, the risk of groundwater contamination from mining activities is a concern. Overall, the image highlights the environmental impact of iron mining at the Korshunovskoye deposit.
30	KoktokayAltayMIne_rgb_2024-06-21.png	KoktokayAltayMIne	Aletai Prefecture, Xinjiang	China	47.20668,89.81641	The June 21, 2024 Sentinel-2 image of the Koktokay Mine in Xinjiang, China, reveals significant environmental hazards associated with rare-metal extraction. The mine's extensive open-pit operation has led to substantial land degradation, with large areas of exposed soil and bare rock indicating potential soil erosion. A bright white area near the center of the image suggests a tailings pond or processing site, which may contain chemically altered water, posing a risk of contamination to nearby water bodies and groundwater. The surrounding landscape shows stressed vegetation and habitat disruption, likely due to mining activities. The image highlights the environmental impact of mining on local ecosystems and water resources.
31	KoashvaQuarry_rgb_2024-06-04.png	KoashvaQuarry	Koashva Mountain, Murmansk Oblast	Russia	67.652914,34.013024	"The provided image is not an RGB image from Sentinel-2, but rather appears to be a processed or enhanced image, likely highlighting topographic features. The image shows a high-contrast, black-and-white representation of the terrain around the KoashvaQuarry. 

Given the image's characteristics, it is challenging to directly assess environmental hazards. However, based on the context of the mine and typical environmental concerns associated with such operations, potential hazards can be inferred. The extensive excavation and land disturbance visible in the image suggest significant land degradation and potential soil erosion. Although no water bodies or tailings ponds are clearly visible, the altered terrain indicates a high risk of environmental impact. The surrounding landscape shows signs of disturbance, with potential implications for local ecosystems and habitat quality."
32	ImourarenUraniumMine_rgb_2024-04-04.png	ImourarenUraniumMine	Arlit, Agadez	Niger	18.076698,7.345089	The April 4, 2024 Sentinel-2 image of the Imouraren Uranium Mine in Niger reveals significant environmental degradation. The mine's extensive excavation has led to substantial land disturbance, with large areas of bare soil and rock exposed, indicating potential soil erosion. Several dark-colored water bodies, likely tailings ponds or mining pits, are visible, suggesting possible chemical contamination and risk of leakage into nearby water sources. The surrounding terrain shows signs of disruption, with sparse vegetation and altered landforms. The image highlights the environmental impact of uranium mining, including habitat destruction and potential water pollution.
33	KhanongOpenPit_rgb_2023-01-15.png	KhanongOpenPit	Sepon Mine, Vilabouly District, Savannakhet Province	Laos	16.965556,106.009722	The January 15, 2023 Sentinel-2 image of the Khanong Open Pit mine in Laos reveals extensive environmental disturbances. The mine's large open pits and surrounding areas display significant land degradation, with widespread bare soil and disturbed terrain. The presence of blue and white hues within the mine suggests water accumulation or tailings ponds, potentially indicating chemical contamination risks. Surrounding forests show signs of fragmentation and stress, likely due to mining activities. Although no direct evidence of water pollution is visible, the mine's proximity to forested areas and water bodies poses potential environmental hazards, including soil erosion, habitat loss, and water contamination.
34	HarenaMine_rgb_2024-09-22.png	HarenaMine	Harena Mine, Gash Barka Region	Eritrea	15.44176,37.46133	The September 22, 2024 Sentinel-2 image of the Harena Mine in Eritrea's Gash-Barka region reveals significant environmental hazards associated with copper and zinc mining. The mine's open-pit operations and multiple tailings ponds with bright blue, unnaturally colored water suggest potential chemical contamination and risk of leakage into nearby water bodies and groundwater. The surrounding landscape shows signs of land degradation, with sparse vegetation and exposed soil indicating soil erosion. The image highlights the environmental impact of mining activities on the local ecosystem, including potential water pollution and habitat destruction. The presence of these hazards underscores the need for careful environmental management and monitoring in the region.
35	HoucaoBauxiteDeposit_rgb_2024-10-29.png	HoucaoBauxiteDeposit	Bozhou District, Zunyi, Guizhou	China	27.462599,107.038012	The October 29, 2024 Sentinel-2 image of the Houcao Bauxite Deposit in Guizhou, China, reveals significant environmental impacts from mining activities. The image shows extensive land degradation with large areas of exposed soil and disturbed terrain, indicating potential soil erosion. Vegetation around the mining site appears sparse and stressed, reflecting habitat loss and ecosystem disruption. Although no direct evidence of water pollution is visible, the extensive excavation and land alteration suggest risks to nearby water sources and groundwater. The overall landscape disturbance highlights the environmental hazards associated with bauxite mining in the region.
36	GupoDeposit_rgb_2024-08-08.png	GupoDeposit	Gupo deposit, Ad Nefas, Asmara, Central Region	Eritrea	15.38958,38.93755	The August 8, 2024 Sentinel-2 image of the Gupo mine in Eritrea reveals significant environmental hazards associated with mining activities. A large area of exposed, light-brown soil is visible, indicating substantial land disturbance and potential soil erosion. The surrounding landscape shows signs of deforestation and habitat disruption, with patches of bare ground and sparse vegetation. Although no tailings ponds or water bodies with abnormal colors are visible in the image, the extensive land alteration suggests increased risk of sedimentation and potential groundwater contamination. The environmental impact is evident in the stark contrast between the disturbed mining area and the surrounding, more vegetated terrain.
37	Hambok_rgb_2024-09-22.png	Hambok	Hambok Zn-Ag Project, Gash Barka Region	Eritrea	15.41252,37.39713	The September 22, 2024 Sentinel-2 image of the Hambok mine in Eritrea reveals significant environmental hazards associated with mining activities. The image shows extensive land disturbance, with large areas of bare soil and rock exposed. The terrain around the mine appears degraded, with sparse vegetation cover indicating potential soil erosion and habitat loss. A river running along the right edge of the image suggests a risk of water pollution from mining activities, although no direct evidence of contamination is visible. The overall landscape alteration and lack of vegetation in the mined area point to ongoing environmental degradation. The presence of mining infrastructure and disturbed terrain highlights the need for careful environmental monitoring to mitigate potential ecological impacts.
38	GirilamboneCopperMine_rgb_2024-09-21.png	GirilamboneCopperMine	Girilambone, Canbelego Co., New South Wales	Australia	-31.258742,146.869632	The September 21, 2024 Sentinel-2 image of the Girilambone Copper Mine in New South Wales, Australia, reveals several environmental hazards associated with mining activities. The mine's open pit and surrounding areas show significant land disturbance, with large expanses of bare soil and disturbed terrain indicating potential soil erosion. A large tailings pond with bright white residues suggests chemical contamination, posing a risk of leakage into nearby water bodies and groundwater. The surrounding landscape exhibits a mix of agricultural fields and natural vegetation, with some areas appearing stressed or cleared, likely due to mining-related activities. The image indicates substantial environmental risks, including land degradation and potential water pollution.
39	GlendellOpenCutMine_rgb_2024-12-29.png	GlendellOpenCutMine	Durham Co., New South Wales	Australia	-32.441267,151.07332	The December 29, 2024 Sentinel-2 image of the Glendell Open Cut Mine in New South Wales, Australia, reveals several environmental hazards associated with the coal mining operation. The extensive open-pit excavation and surrounding disturbed terrain indicate significant land degradation. Multiple tailings ponds are visible, with some containing water that appears abnormally colored, suggesting potential chemical contamination and risk of leakage into nearby water bodies and groundwater. The surrounding landscape shows sparse vegetation and stressed land cover, likely due to the mining activities. Although mining operations ceased in November 2022, the image highlights ongoing environmental risks.
40	FooteLithiumMine_rgb_2024-12-23.png	FooteLithiumMine	Kings Mountain, North Carolina	USA	35.223294,-81.346337	The December 23, 2024 Sentinel-2 image of the Foote Lithium Mine in Kings Mountain, North Carolina, reveals significant environmental hazards associated with mining activities. A large open-pit excavation is visible, indicating extensive land disturbance and potential soil erosion. The surrounding area shows substantial deforestation and habitat disruption, with sparse vegetation in the vicinity of the mine. Although a tailings pond is not directly visible in the image, the extensive mining infrastructure and disturbed terrain suggest potential risks to local water sources and ecosystems. The image highlights the environmental impact of lithium extraction, including land degradation and potential groundwater contamination.
41	GibsonsOpenCutMine_rgb_2024-09-05.png	GibsonsOpenCutMine	Clarke Co., New South Wales	Australia	-30.748674,152.035169	The September 5, 2024 Sentinel-2 image of Gibsons Open Cut Mine in Clarke County, New South Wales, Australia, reveals significant environmental hazards associated with gold mining. The image shows a small, white patch indicative of the mine site, surrounded by extensive, densely forested terrain. The rugged landscape with numerous valleys and ridges suggests potential for soil erosion and sediment transport into nearby watercourses. Although the mine site appears relatively contained, the surrounding vegetation shows no visible signs of stress or damage, suggesting minimal immediate environmental impact from the mine. The image does not directly show water bodies or tailings ponds, but the topography indicates potential risks of sedimentation and water pollution in the surrounding hydrological network.
42	EmbaDerhoMine_rgb_2024-08-08.png	EmbaDerhoMine	Emba Derho Mine, Emba Derho, Central Region	Eritrea	15.41579,38.88897	The August 8, 2024 Sentinel-2 image of the Emba Derho Mine in Eritrea reveals significant environmental hazards associated with mining activities. Extensive land disturbance is evident, with large areas of bare soil and exposed terrain indicating potential soil erosion. The mine's infrastructure and excavation have led to deforestation and habitat destruction, as surrounding vegetation appears cleared or stressed. Although no direct evidence of water pollution is visible, the extensive land alteration and mining operations suggest a risk of chemical contamination and groundwater impact. The image highlights the environmental consequences of large-scale mining in the region.
43	FilónSurOpenPit_rgb_2024-07-27.png	FilónSurOpenPit	Tharsis Mines, Tharsis, Alosno, Huelva, Andalusia	Spain	37.58513,-7.11539	The July 27, 2024 Sentinel-2 image of the Filón Sur open pit at Tharsis Mines in Spain reveals significant environmental hazards. The extensive open-pit excavation has caused substantial land degradation, with large areas of exposed soil and bare rock indicating potential soil erosion. Several water bodies within and around the mine display abnormal colors, suggesting chemical contamination and risk of leakage into nearby water sources. The surrounding landscape shows stressed vegetation and habitat destruction, likely due to mining activities. The image highlights the environmental impact of long-term mining operations in the region.
44	DuralieCoalMine_rgb_2024-12-29.png	DuralieCoalMine	Gloucester Co., New South Wales	Australia	-32.27888,151.93624	The December 29, 2024 Sentinel-2 image of the Duralie Coal Mine in Gloucester County, New South Wales, Australia, reveals significant environmental impacts associated with open-cut coal mining. The mine's extensive excavation has resulted in large areas of bare soil and disturbed terrain, indicating land degradation and potential soil erosion. A water body within the mine appears blue, suggesting it may be a pit lake or water accumulation. The surrounding landscape shows a mix of vegetation and disturbed land, with some areas appearing stressed or cleared. Although no direct evidence of water or air pollution is visible, the extensive land alteration and potential for sedimentation pose environmental risks to nearby water sources and ecosystems.
45	ElliotsNo1OpenCut_rgb_2024-08-21.png	ElliotsNo1OpenCut	Elliots No 1 Open cut, Captain's Flat, Lake George, Murray Co., New South Wales	Australia	-35.589458,149.443665	The August 21, 2024 Sentinel-2 image of Elliots No 1 Open Cut mine in Captain's Flat, New South Wales, Australia, reveals significant environmental hazards. Extensive land degradation is evident, with large areas of exposed soil and bare rock indicating heavy mining activity. The image shows potential soil erosion and water pollution risks due to the removal of vegetation and alteration of the terrain. Although no visible water bodies or tailings ponds are present in the image, the disturbed land suggests ongoing environmental risks. The surrounding vegetation appears sparse, reflecting the environmental impact of mining activities. Overall, the image indicates substantial environmental degradation associated with the mine.
46	DebarwaMine_rgb_2024-07-09.png	DebarwaMine	Debarwa Mine, Dubaruba, Southern Region	Eritrea	15.09306,38.84528	The July 9, 2024 Sentinel-2 image of the Debarwa Mine in Eritrea reveals significant environmental degradation. The mine's extensive excavation and infrastructure have led to substantial land disturbance, with large areas of bare soil and rock exposed. The surrounding terrain shows signs of soil erosion and habitat disruption. Although no tailings ponds or water bodies are clearly visible, the extensive mining activity suggests potential risks to local water sources and soil quality. The image indicates severe land degradation and potential environmental hazards associated with the mining operations.
47	DubarubaMine_rgb_2024-07-09.png	DubarubaMine	Unknown	Unknown	Unknown	The July 9, 2024 Sentinel-2 image of the Dubaruba Mine reveals extensive mining activity with significant environmental impacts. The presence of numerous small, irregularly shaped water bodies and patches of disturbed terrain indicates land degradation. The surrounding landscape shows a mix of vegetation and bare soil, with some areas appearing stressed or cleared, suggesting habitat disruption. Although no large tailings ponds are visible, the widespread disturbance and presence of water bodies with potentially altered chemistry pose risks to local ecosystems and water sources. The image highlights the environmental challenges associated with mining operations in the region.
48	ClimaxMine_rgb_2024-07-29.png	ClimaxMine	Climax Mining District, Lake County, Colorado	USA	39.373592,-106.175917	The July 29, 2024 Sentinel-2 image of the Climax Mine in Colorado, USA, reveals significant environmental hazards associated with molybdenum mining. The large open-pit operation is surrounded by extensive areas of disturbed terrain and bare soil, indicating severe land degradation and potential soil erosion. The presence of a tailings pond with abnormally colored water suggests chemical contamination and a risk of leakage into nearby water bodies and groundwater. The surrounding landscape shows signs of stressed vegetation and habitat disruption due to mining activities. The image highlights the environmental impact of large-scale mining operations on local ecosystems and water resources.
49	CollierOpenCutMine_rgb_2024-09-21.png	CollierOpenCutMine	Collier Open Cut, Kennedy Co., New South Wales	Australia	-32.57592,146.98714	The September 21, 2024 Sentinel-2 image captures the Collier Open Cut Mine in New South Wales, Australia. The mine site is characterized by extensive land disturbance, with large areas of exposed soil and bare ground visible. Although no tailings pond with unusually colored water is directly observable due to cloud cover partially obscuring the site, the significant excavation indicates potential soil erosion and habitat loss. The surrounding landscape is predominantly vegetated, with patches of cleared land, suggesting localized environmental impact. The presence of scattered clouds limits a comprehensive assessment of water bodies or other potential environmental hazards in the immediate vicinity.
50	BurnagaMine_rgb_2024-09-13.png	BurnagaMine	Unknown	Unknown	Unknown	The September 13, 2024 Sentinel-2 image of the Burnaga Mine reveals significant environmental hazards. Extensive areas of exposed brown soil and bare rock indicate heavy mining activity, likely leading to soil erosion and increased sedimentation in nearby water bodies. The surrounding landscape shows sparse vegetation, suggesting habitat loss and potential land degradation. Although a tailings pond is not clearly visible, the disturbed terrain and lack of vegetation near the mine site signal potential chemical contamination and environmental risk. The image highlights the need for ongoing monitoring of mining impacts on local ecosystems and water resources.
51	CadiaHillMine_rgb_2024-12-29.png	CadiaHillMine	Cadia Valley operations (Cadia-Ridgeway Cu-Au deposit), Cadia, Bathurst Co., New South Wales	Australia	-33.45624,148.99416	The December 29, 2024 Sentinel-2 image of the Cadia Hill Mine in Australia reveals significant environmental hazards associated with large-scale mining operations. A large tailings pond displays bright blue water, suggesting potential chemical contamination and risk of leakage into nearby water bodies and groundwater. The extensive open-pit excavation has caused substantial land degradation, with large areas of bare soil and disturbed terrain visible. The surrounding landscape shows signs of land alteration and habitat disruption, with patchy vegetation and exposed soil indicating potential soil erosion. The image highlights the environmental risks associated with the mine's operations, including water pollution and habitat destruction.
52	BishaMine_rgb_2024-06-04.png	BishaMine	Gash Barka Region	Eritrea	15.50988,37.51016	The June 4, 2024 Sentinel-2 image of the Bisha Mine in Eritrea's Gash Barka Region reveals significant environmental hazards associated with mining activities. A large tailings pond with abnormally colored water, ranging from bright blue to dark blue, indicates potential chemical contamination and risk of leakage into nearby water bodies and groundwater. The surrounding terrain shows extensive land degradation, with exposed soil and disturbed terrain visible in shades of brown and red. The sparse vegetation in the area suggests habitat loss and soil erosion due to mining operations. The image highlights the environmental impact of the mine on the local ecosystem.
53	BuckwheatPit_rgb_2024-06-28.png	BuckwheatPit	Franklin, Sussex County, New Jersey	USA	41.11472,-74.58722	The June 28, 2024 Sentinel-2 image of the Buckwheat Pit in Franklin, New Jersey, reveals extensive environmental alterations associated with historical zinc ore extraction. The site appears as a disturbed area with exposed soil and rock, suggesting potential soil erosion and land degradation. Although no large tailings ponds or water bodies with abnormal colors are visible, the disturbed terrain indicates habitat disruption and possible groundwater contamination risks. The surrounding area is largely forested, but patches of bare ground and altered landscapes near the mine site suggest localized environmental impacts. Overall, the image highlights the lasting effects of historical mining activities on the local ecosystem.
54	AvonNorthOpenPit_rgb_2024-12-29.png	AvonNorthOpenPit	Stratford open cut mine, Gloucester Co., New South Wales	Australia	-32.1185,151.97886	The December 29, 2024 Sentinel-2 image of the Avon North Open Pit mine in New South Wales, Australia, reveals significant environmental hazards. The mine, part of the Stratford Mining Complex, shows extensive land disturbance with large areas of exposed soil. Several water bodies within the mine site appear unnaturally colored, suggesting potential chemical contamination. The surrounding landscape is a mix of agricultural land and dense vegetation, with the mine's activities posing a risk to nearby water sources and ecosystems. The image indicates ongoing environmental risks associated with the mine, including potential soil erosion and water pollution.
55	BengallaOpenCutMine_rgb_2024-12-29.png	BengallaOpenCutMine	Brisbane Co., New South Wales	Australia	-32.272001,150.827504	The December 29, 2024 Sentinel-2 image shows the Bengalla Open Cut Mine in New South Wales, Australia. The mine's extensive excavation has caused significant land degradation, with large areas of exposed soil and bare rock visible. The surrounding landscape shows signs of habitat disruption, with fragmented vegetation patches and altered drainage patterns. Although no tailings ponds or water bodies with abnormal colors are visible, the extensive land disturbance suggests potential soil erosion and increased sedimentation risk in nearby watercourses. The contrast between the disturbed mine site and the surrounding agricultural land highlights the environmental impact of mining activities on the local ecosystem.
56	AmablePit_rgb_2024-12-13.png	AmablePit	Veladero Mine, Frontera mining district, Tudcum, Iglesia Department, San Juan Province	Argentina	-29.36938,-69.958556	The December 13, 2024 Sentinel-2 image of the Amable Pit, part of the Veladero Mine in San Juan Province, Argentina, reveals significant environmental hazards. The large open-pit excavation has caused extensive land degradation, with visible soil erosion and habitat destruction. The surrounding terrain shows stressed or cleared vegetation, indicating the environmental impact of mining activities. Although a specific tailings pond is not clearly visible, the disturbed terrain and extensive excavation suggest potential risks to nearby water sources and groundwater. The image highlights the substantial environmental footprint of the mine, with ongoing risks to the local ecosystem.
57	ArgyleDiamondMine_rgb_2024-06-27.png	ArgyleDiamondMine	Wyndham-East Kimberley Shire, Western Australia	Australia	-16.716389,128.388889	The June 27, 2024 Sentinel-2 image of the Argyle Diamond Mine in Western Australia reveals significant environmental hazards. The area shows extensive land degradation due to mining activities, with large areas of bare soil and disturbed terrain visible. A substantial tailings pond with multicolored, unnaturally hued water suggests chemical contamination and potential leakage into nearby water bodies and groundwater. The surrounding landscape is largely devoid of vegetation, indicating habitat loss and soil erosion. Although the mine is no longer operational, the image highlights persistent environmental risks associated with the site's legacy.
58	AdiRassi_rgb_2024-07-09.png	AdiRassi	Adi Rassi project, Dubaruba, Southern Region	Eritrea	15.04735,38.90637	The July 9, 2024 Sentinel-2 image of the Adi Rassi mine in Eritrea reveals significant environmental hazards. The mine's extensive excavation has caused substantial land degradation, with large areas of bare soil and disturbed terrain visible. A body of water, likely a tailings pond, displays an unnatural color, suggesting chemical contamination and potential risks to nearby water sources and groundwater. The surrounding landscape shows sparse vegetation, indicating habitat destruction and potential soil erosion. The image highlights the environmental impact of mining activities in the region, including land alteration and potential water pollution.
59	AidyrlaGoldDeposit_rgb_2024-06-02.png	AidyrlaGoldDeposit	Aidyrlya River, Orenburg Oblast	Russia	52.06083,59.84639	The Sentinel-2 image of the Aidyrlya Gold Deposit on June 2, 2024, reveals significant environmental hazards associated with mining activities. The image shows extensive land disturbance, with large areas of bare soil and disturbed terrain, indicating potential soil erosion. The presence of mining infrastructure and tailings is visible, although the image does not directly show water bodies or tailings ponds with abnormal water color. The surrounding landscape exhibits stressed vegetation and signs of habitat disruption. The environmental risks include land degradation, soil erosion, and potential habitat loss due to the mining operations.
